TIME,ENERGY
14.989990000000379,14.081533611335226
14.979990000000758,54.340653327975346
14.969990000001136,116.9064597247252
14.959990000001515,197.37144296093174
14.949990000001893,291.5709696995008
14.939990000002272,396.1085572801475
14.92999000000265,508.54873311448404
14.919990000003029,627.3480744475476
14.909990000003408,751.6505740758895
14.899990000003786,881.0551761283228
14.889990000004165,1015.4175184171637
14.879990000004543,1154.7074093143467
14.869990000004922,1298.9194655165927
14.8599900000053,1448.0246158500079
14.849990000005679,1597.6275712184704
14.839990000006058,1751.8981159047519
14.829990000006436,1911.8150723378221
14.819990000006815,2076.925881791842
14.809990000007193,2246.8002908592835
14.799990000007572,2421.0293872916895
14.78999000000795,2599.2246753832414
14.779990000008329,2781.0171893140873
14.769990000008708,2966.0566429330647
14.759990000009086,3154.010614519558
14.749990000009465,3344.5637651220154
14.739990000009843,3537.4170891261774
14.729990000010222,3732.2871957593848
14.7199900000106,3928.9056202885763
14.70999000001098,4127.018163718806
14.699990000011358,4326.384259846392
14.689990000011736,4526.776368566237
14.679990000012115,4727.979394376528
14.669990000012493,4929.790129065848
14.659990000012872,5132.016717608178
14.64999000001325,5334.478146329729
14.63999000001363,5537.003752448956
14.629990000014008,5739.432754126592
14.619990000014386,5941.61380019692
14.609990000014765,6143.40453878453
14.599990000015143,6344.671204042283
14.589990000015522,6545.288220276707
14.5799900000159,6745.137822756287
14.56999000001628,6944.109694525992
14.559990000016658,7142.100618578584
14.549990000017036,7339.014144758832
14.539990000017415,7534.760270801829
14.529990000017794,7729.255136930437
14.519990000018172,7922.4207334597995
14.50999000001855,8114.176135725776
14.49999000001893,8304.332982143067
14.489990000019308,8493.044979219112
14.479990000019686,8680.250586471675
14.469990000020065,8865.891891561167
14.459990000020444,9049.753434960341
14.449990000020822,9231.843892012099
14.4399900000212,9412.161655847192
14.42999000002158,9590.670054838436
14.419990000021958,9767.335954307277
14.409990000022336,9942.129576405736
14.399990000022715,10115.024327875963
14.389990000023094,10285.9966353626
14.379990000023472,10455.02578796627
14.36999000002385,10622.093786738802
14.35999000002423,10787.185200833275
14.349990000024608,10950.2870300329
14.339990000024986,11111.388573394359
14.329990000025365,11270.481303751667
14.319990000025744,11427.558747836869
14.309990000026122,11582.616371783697
14.2999900000265,11735.651471789672
14.28999000002688,11886.66306972151
14.279990000027258,12035.651813456849
14.269990000027637,12182.61988176428
14.259990000028015,12327.570893531096
14.249990000028394,12470.509821156444
14.239990000028772,12611.442907934394
14.22999000002915,12750.377589258987
14.21999000002953,12887.32241749
14.209990000029908,13022.286990324536
14.199990000030287,13155.281882526006
14.189990000030665,13286.318580868332
14.179990000031044,13415.40942215835
14.169990000031422,13542.567534205627
14.1599900000318,13667.806779613868
14.14999000003218,13791.141702273293
14.139990000032558,13912.587476438388
14.129990000032937,14032.159858279942
14.119990000033315,14149.875139805154
14.109990000033694,14265.750105043542
14.099990000034072,14379.801988400977
14.089990000034451,14492.048435087807
14.07999000003483,14602.507463531103
14.069990000035208,14711.197429684866
14.059990000035587,14818.136993155165
14.049990000035965,14923.34508506116
14.039990000036344,15026.840877555735
14.029990000036722,15128.643754932711
14.019990000037101,15228.773286251038
14.00999000003748,15327.249199408636
13.999990000037858,15424.091356601713
13.989990000038237,15519.31973110804
13.979990000038615,15612.954385335013
13.969990000038994,15705.015450076125
13.959990000039372,15795.523104921427
13.949990000039751,15884.49755977001
13.93999000004013,15971.95903739498
13.929990000040508,16057.927757012796
13.919990000040887,16142.42391881158
13.909990000041265,16225.467689394567
13.899990000041644,16307.07918809654
13.889990000042022,16387.278474133305
13.879990000042401,16466.085534545316
13.86999000004278,16543.52027289924
13.859990000043158,16619.602498711338
13.849990000043537,16694.351917559492
13.839990000043915,16767.788121851023
13.829990000044294,16839.930582215737
13.819990000044672,16910.79863949405
13.809990000045051,16980.41149729192
13.79999000004543,17048.788215075787
13.789990000045808,17114.18813682092
13.779990000046187,17177.890113014044
13.769990000046565,17240.374440288644
13.759990000046944,17301.676575278227
13.749990000047323,17361.83476198995
13.739990000047701,17420.889823927188
13.72999000004808,17478.884782703662
13.719990000048458,17535.86428975072
13.709990000048837,17591.87387031787
13.699990000049215,17646.958994879977
13.689990000049594,17701.16401110716
13.679990000049973,17754.530987864095
13.669990000050351,17807.09853890188
13.65999000005073,17858.900705393215
13.649990000051108,17909.965980881534
13.639990000051487,17960.316557938848
13.629990000051865,18009.9678623917
13.619990000052244,18058.928419330685
13.609990000052623,18107.20006760522
13.599990000053001,18154.77850951311
13.58999000005338,18201.65415379693
13.579990000053758,18247.81318650464
13.569990000054137,18293.238788544484
13.559990000054515,18337.912412330006
13.549990000054894,18381.815032761315
13.539990000055273,18424.928298596587
13.529990000055651,18467.23552676165
13.51999000005603,18508.72250162139
13.509990000056408,18549.378061054427
13.499990000056787,18589.1944691407
13.489990000057166,18628.16758988429
13.479990000057544,18666.296886881184
13.469990000057923,18703.585280106443
13.459990000058301,18740.03889344207
13.44999000005868,18775.666725916508
13.439990000059058,18810.480276738643
13.429990000059437,18844.49314992228
13.419990000059816,18877.720659358078
13.409990000060194,18909.999810997946
13.399990000060573,18940.361598270705
13.389990000060951,18970.187418100668
13.37999000006133,18999.485417619886
13.369990000061708,19028.263642882706
13.359990000062087,19056.530037545894
13.349990000062466,19084.292441593323
13.339990000062844,19111.55859009434
13.329990000063223,19138.33611198418
13.319990000063601,19164.632528853956
13.30999000006398,19190.455253737742
13.299990000064358,19215.811589882498
13.289990000064737,19240.70872948623
13.279990000065116,19265.153752388094
13.269990000065494,19289.153624692768
13.259990000065873,19312.71519731012
13.249990000066251,19335.84520438812
13.23999000006663,19358.550261615812
13.229990000067009,19380.836864369354
13.219990000067387,19402.711385671166
13.209990000067766,19424.180073928204
13.199990000068144,19445.249050410926
13.189990000068523,19465.92430642851
13.179990000068901,19486.211700149903
13.16999000006928,19506.116953011828
13.159990000069659,19525.645645646244
13.149990000070037,19544.803213247913
13.139990000070416,19563.594940289888
13.129990000070794,19582.025954478297
13.119990000071173,19600.101219818083
13.109990000071551,19617.82552863859
13.09999000007193,19635.203492397228
13.089990000072309,19652.23953104623
13.079990000072687,19668.937860702168
13.069990000073066,19685.302479305232
13.059990000073444,19701.337149887888
13.049990000073823,19717.045380989508
13.039990000074202,19732.430403648723
13.02999000007458,19747.495144272947
13.019990000074959,19761.668623217836
13.009990000075337,19774.68510486559
12.999990000075716,19787.28551023643
12.989990000076094,19799.468975433465
12.979990000076473,19811.233938130514
12.969990000076852,19822.57793309873
12.95999000007723,19833.497325145403
12.949990000077609,19843.98696532782
12.939990000077987,19854.039753425976
12.929990000078366,19863.646085912987
12.919990000078744,19872.79316364933
12.909990000079123,19881.464126667448
12.899990000079502,19889.636973893717
12.88999000007988,19897.18293011621
12.879990000080259,19904.18361693595
12.869990000080637,19910.63482238017
12.859990000081016,19916.473179572167
12.849990000081394,19921.618400562475
12.839990000081773,19925.88584127175
12.829990000082152,19929.1130431961
12.81999000008253,19931.21359795064
12.809990000082909,19931.984998330907
12.799990000083287,19931.168968918002
12.789990000083666,19928.437270235085
12.779990000084045,19923.376493325915
12.769990000084423,19915.475500273962
12.759990000084802,19904.12353973585
12.74999000008518,19888.63320156656
12.739990000085559,19868.30682403048
12.729990000085937,19842.558333619683
12.719990000086316,19812.586936082807
12.709990000086695,19798.394025496902
12.699990000087073,19786.023891457295
12.689990000087452,19775.35957274632
12.67999000008783,19766.264156850306
12.669990000088209,19758.585832996712
12.659990000088587,19752.16384525426
12.649990000088966,19746.834668351672
12.639990000089345,19741.855691589393
12.629990000089723,19735.836304729943
12.619990000090102,19730.3733888297
12.60999000009048,19725.350455506734
12.599990000090859,19720.669520672585
12.589990000091237,19716.251391682617
12.579990000091616,19712.03499584264
12.569990000091995,19707.97597030774
12.559990000092373,19704.044723242376
12.549990000092752,19698.254848799497
12.53999000009313,19692.141852215293
12.529990000093509,19686.358634439275
12.519990000093888,19680.892865039357
12.509990000094266,19675.73120174335
12.499990000094645,19668.65791318068
12.489990000095023,19658.550932248698
12.479990000095402,19649.839291905904
12.46999000009578,19642.48218791022
12.459990000096159,19636.434335512346
12.449990000096538,19631.64532388412
12.439990000096916,19628.059334126807
12.429990000097295,19625.615241661653
12.419990000097673,19624.247092093792
12.409990000098052,19623.884908972974
12.39999000009843,19624.45576604902
12.389990000098809,19625.885038631193
12.379990000099188,19628.097740214544
12.369990000099566,19631.019851867826
12.359990000099945,19634.579561834587
12.349990000100323,19638.70834921107
12.339990000100702,19643.341865705373
12.32999000010108,19648.420590598937
12.319990000101459,19653.890253735877
12.309990000101838,19659.70203792264
12.299990000102216,19665.81258453667
12.289990000102595,19672.183834126336
12.279990000102973,19675.381137730317
12.269990000103352,19676.608387204014
12.25999000010373,19677.192322623745
12.249990000104109,19675.29202677268
12.239990000104488,19670.706256867157
12.229990000104866,19665.249543875758
12.219990000105245,19659.055323870223
12.209990000105623,19652.33901686096
12.199990000106002,19644.783138816696
12.18999000010638,19636.59440892747
12.17999000010676,19629.233410074357
12.169990000107138,19623.2118133443
12.159990000107516,19619.06384457419
12.149990000107895,19617.300048124296
12.139990000108273,19618.35248394791
12.129990000108652,19622.51837668738
12.11999000010903,19629.91193292058
12.10999000010941,19640.43455790164
12.099990000109788,19653.770912180877
12.089990000110166,19669.412123710143
12.079990000110545,19685.85124459412
12.069990000110923,19699.174741719606
12.059990000111302,19710.238442163092
12.04999000011168,19720.09731314239
12.03999000011206,19727.080199546264
12.029990000112438,19725.760113520624
12.019990000112816,19697.14500578862
12.009990000113195,19640.046101969645
11.999990000113574,19616.839557353655
11.989990000113952,19606.280176697157
11.97999000011433,19595.351629896064
11.96999000011471,19584.3535394686
11.959990000115088,19573.66190381498
11.949990000115466,19563.705267252957
11.939990000115845,19554.93284267272
11.929990000116224,19547.77528009754
11.919990000116602,19542.601531870794
11.90999000011698,19539.67785454024
11.89999000011736,19539.122518219036
11.889990000117738,19540.913337299568
11.879990000118116,19544.964604877085
11.869990000118495,19550.916925109745
11.859990000118874,19558.399525578043
11.849990000119252,19567.017855466824
11.83999000011963,19576.361537432007
11.82999000012001,19585.52773126137
11.819990000120388,19592.98260886741
11.809990000120766,19600.156087957712
11.799990000121145,19606.88288846434
11.789990000121524,19613.06638785268
11.779990000121902,19618.6687394129
11.76999000012228,19623.699176230515
11.75999000012266,19628.202340222324
11.749990000123038,19632.247753322463
11.739990000123417,19635.920950150634
11.729990000123795,19639.316370860237
11.719990000124174,19642.531861793286
11.709990000124552,19643.379565053292
11.69999000012493,19644.117173811785
11.68999000012531,19645.452081075116
11.679990000125688,19644.176825664945
11.669990000126067,19640.416418733792
11.659990000126445,19636.1389833622
11.649990000126824,19631.174478598823
11.639990000127202,19625.34923165913
11.62999000012758,19618.50109838342
11.61999000012796,19610.501697861877
11.609990000128338,19601.286283297657
11.599990000128717,19590.890424443853
11.589990000129095,19579.490345685797
11.579990000129474,19567.440519101212
11.569990000129852,19555.298494619034
11.559990000130231,19543.824258079567
11.54999000013061,19533.941664873306
11.539990000130988,19526.654801132623
11.529990000131367,19522.923269310988
11.519990000131745,19523.51526917539
11.509990000132124,19528.87042095088
11.499990000132502,19539.008507894818
11.489990000132881,19553.51124412572
11.47999000013326,19571.58369185075
11.469990000133638,19592.1783609289
11.459990000134017,19614.148530241237
11.449990000134395,19636.394073490577
11.439990000134774,19657.97214797867
11.429990000135152,19678.160344833566
11.419990000135531,19696.474257610455
11.40999000013591,19712.650517186572
11.399990000136288,19726.60935242011
11.389990000136667,19738.409277009847
11.379990000137045,19748.202900156175
11.369990000137424,19755.49777981511
11.359990000137802,19760.5503159787
11.349990000138181,19764.448705491875
11.33999000013856,19767.41206579124
11.329990000138938,19769.640850767595
11.319990000139317,19770.90350867027
11.309990000139695,19771.34564484958
11.299990000140074,19770.32396671306
11.289990000140453,19770.68004900007
11.279990000140831,19768.603578819522
11.26999000014121,19766.896018146843
11.259990000141588,19765.54126985042
11.249990000141967,19764.917680301598
11.239990000142345,19764.98846544897
11.229990000142724,19765.717790642364
11.219990000143103,19767.070682843707
11.209990000143481,19769.012963882382
11.19999000014386,19771.51120485099
11.189990000144238,19774.518748956423
11.179990000144617,19778.043441266498
11.169990000144995,19782.013883437983
11.159990000145374,19785.622263347213
11.149990000145753,19788.76567378815
11.139990000146131,19792.31440895295
11.12999000014651,19795.90170873558
11.119990000146888,19799.743642370362
11.109990000147267,19803.94358577204
11.099990000147645,19808.49660469221
11.089990000148024,19813.398200269174
11.079990000148403,19818.643789561993
11.069990000148781,19824.228181553473
11.05999000014916,19829.535963090882
11.049990000149538,19835.00820668746
11.039990000149917,19840.60905964996
11.029990000150296,19846.089923540927
11.019990000150674,19851.910659398254
11.009990000151053,19858.06027899183
10.999990000151431,19864.52463783884
10.98999000015181,19871.28655092204
10.979990000152188,19878.326030796783
10.969990000152567,19885.62063031388
10.959990000152946,19893.145866882656
10.949990000153324,19900.875702046636
10.939990000153703,19908.78304926135
10.929990000154081,19916.840283998452
10.91999000015446,19925.01973328679
10.909990000154838,19933.29412603389
10.899990000155217,19941.63699038472
10.889990000155596,19950.022989430236
10.879990000155974,19958.428191318264
10.869990000156353,19966.830273911088
10.859990000156731,19975.208667376854
10.84999000015711,19983.259073830817
10.839990000157488,19991.001816089847
10.829990000157867,19997.690463539242
10.819990000158246,20004.10163502399
10.809990000158624,20010.541051390675
10.799990000159003,20017.0001518234
10.789990000159381,20023.470698462195
10.77999000015976,20029.944817239884
10.769990000160139,20034.427581058426
10.759990000160517,20038.434865975152
10.749990000160896,20042.21772351124
10.739990000161274,20045.739842205505
10.729990000161653,20048.368502052745
10.719990000162031,20050.825215102068
10.70999000016241,20053.10598136564
10.699990000162789,20055.21088681539
10.689990000163167,20054.642544480703
10.679990000163546,20053.49317342582
10.669990000163924,20052.061128945435
10.659990000164303,20050.378510879622
10.649990000164681,20048.48872783289
10.63999000016506,20046.446876438884
10.629990000165439,20044.319630854206
10.619990000165817,20040.650498460684
10.609990000166196,20035.907871340696
10.599990000166574,20031.378708244305
10.589990000166953,20027.20461752969
10.579990000167331,20023.529960687454
10.56999000016771,20020.495680796234
10.559990000168089,20018.233051826122
10.549990000168467,20016.85676808684
10.539990000168846,20016.459906606528
10.529990000169224,20017.107437474857
10.519990000169603,20018.8330398063
10.509990000169982,20021.637135037003
10.49999000017036,20025.486847137738
10.489990000170739,20030.31788178036
10.479990000171117,20034.176052733987
10.469990000171496,20037.298513733997
10.459990000171874,20040.78665118314
10.449990000172253,20044.508237276616
10.439990000172632,20048.33778376061
10.42999000017301,20052.163991360525
10.419990000173389,20053.58263095418
10.409990000173767,20054.375178024944
10.399990000174146,20053.059504692697
10.389990000174524,20047.71495405114
10.379990000174903,20041.843811118997
10.369990000175282,20035.574911930482
10.35999000017566,20029.07719412881
10.349990000176039,20022.553461960288
10.339990000176417,20016.231893586286
10.329990000176796,20010.355564660775
10.319990000177174,20005.17047045562
10.309990000177553,20000.5812177436
10.299990000177932,19995.99582005856
10.28999000017831,19992.93230571473
10.279990000178689,19989.282816005678
10.269990000179067,19982.906403488625
10.259990000179446,19974.98937664702
10.249990000179825,19967.415726542033
10.239990000180203,19960.03287325627
10.229990000180582,19952.700110222246
10.21999000018096,19945.31648581755
10.209990000181339,19937.84790256529
10.199990000181717,19930.347905772458
10.189990000182096,19922.167315587976
10.179990000182475,19914.380569626876
10.169990000182853,19907.41743869698
10.159990000183232,19901.23382971682
10.14999000018361,19896.389824485563
10.139990000183989,19892.000389805722
10.129990000184367,19884.249547985262
10.119990000184746,19868.719958714362
10.109990000185125,19850.829981294693
10.099990000185503,19831.289619735748
10.089990000185882,19811.15206105969
10.07999000018626,19789.33570925362
10.069990000186639,19766.011452208462
10.059990000187018,19740.150039242377
10.049990000187396,19713.35667782331
10.039990000187775,19689.0544703267
10.029990000188153,19668.107265611983
10.019990000188532,19647.111741256223
10.00999000018891,19625.969915278412
9.999990000189289,19603.89480008017
9.989990000189668,19644.844229846938
9.979990000190046,19816.12064876645
9.969990000190425,20419.78898388623
9.959990000190803,22951.854265389564
9.949990000191182,24114.337700720393
9.93999000019156,24044.505683786672
9.929990000191939,24109.065751303053
9.919990000192318,25214.276853060026
9.909990000192696,26693.35175816553
9.899990000193075,26532.39332794113
9.889990000193453,25403.9305603598
9.879990000193832,25188.448968838744
9.86999000019421,31701.927828239437
9.859990000194589,31602.223810896623
9.849990000194968,31399.06548875892
9.839990000195346,35529.27615126234
9.829990000195725,49210.13351074644
9.819990000196103,54871.376163829904
9.809990000196482,54437.660550970446
9.79999000019686,57259.366329552686
9.789990000197239,58617.05406847925
9.779990000197618,63602.35304288152
9.769990000197996,77969.9864105745
9.759990000198375,74805.20451035633
9.749990000198753,75911.91988184291
9.739990000199132,73503.65766152565
9.72999000019951,73371.40045318076
9.71999000019989,71981.69204720513
9.709990000200268,84090.54724011377
9.699990000200646,88914.56380855462
9.689990000201025,94218.66001373509
9.679990000201403,93576.41014542349
9.669990000201782,87829.55389593002
9.65999000020216,83708.37268431406
9.64999000020254,82505.06685007238
9.639990000202918,78885.76093910397
9.629990000203296,84324.57058303499
9.619990000203675,88071.16736661347
9.609990000204053,87553.90639747388
9.599990000204432,86839.24542202
9.58999000020481,85506.1802229966
9.57999000020519,83283.79456012255
9.569990000205568,80275.47161722076
9.559990000205946,79078.3824006194
9.549990000206325,78590.70539782946
9.539990000206704,76283.88123587678
9.529990000207082,73693.62582505315
9.51999000020746,71139.74596932836
9.50999000020784,68617.04194506197
9.499990000208218,66141.92791823289
9.489990000208596,63741.52103337615
9.479990000208975,61399.79688685649
9.469990000209354,59180.04489139221
9.459990000209732,59606.43529437731
9.44999000021011,57746.007203491055
9.43999000021049,59144.55338920822
9.429990000210868,69535.93565650153
9.419990000211246,71504.73809953098
9.409990000211625,72937.15169870693
9.399990000212004,78250.98082411943
9.389990000212382,76373.95913106324
9.37999000021276,72080.27233113874
9.36999000021314,70065.10847164986
9.359990000213518,84800.94056496478
9.349990000213896,84674.12374906593
9.339990000214275,83714.48737133142
9.329990000214654,81763.96552824571
9.319990000215032,91045.6144266243
9.30999000021541,89776.43500749559
9.29999000021579,87185.52995927351
9.289990000216168,96901.59564483131
9.279990000216547,94906.65702420787
9.269990000216925,92124.02303037087
9.259990000217304,86026.54744797917
9.249990000217682,90074.2757642711
9.23999000021806,90838.88970007253
9.22999000021844,89428.2021656555
9.219990000218818,87401.86232285433
9.209990000219197,85424.93387753976
9.199990000219575,82986.1437671788
9.189990000219954,79522.30768407966
9.179990000220332,76713.24892635494
9.16999000022071,75248.28265169362
9.15999000022109,74955.23192036098
9.149990000221468,84860.4054280422
9.139990000221847,82923.08226483999
9.129990000222225,81059.30194152848
9.119990000222604,78720.41675974292
9.109990000222982,75297.27555116183
9.099990000223361,73224.17733951713
9.08999000022374,69961.20391961538
9.079990000224118,66714.52951600494
9.069990000224497,63485.7512192312
9.059990000224875,73417.17671183424
9.049990000225254,80713.55377749748
9.039990000225632,79160.1874717247
9.029990000226011,77415.9196569196
9.01999000022639,75019.05939776808
9.009990000226768,72245.38875126593
8.999990000227147,69379.11796017263
8.989990000227525,66619.7449861371
8.979990000227904,63936.18027530283
8.969990000228282,61267.41121381488
8.959990000228661,58575.76167016506
8.94999000022904,58137.64867529304
8.939990000229418,70778.3390066858
8.929990000229797,68877.6713372303
8.919990000230175,66896.74429504643
8.909990000230554,71070.24112831682
8.899990000230932,83506.80790890005
8.889990000231311,90569.89390486742
8.87999000023169,88533.358053702
8.869990000232068,86343.45039406212
8.859990000232447,89310.64940877876
8.849990000232825,91354.66714191157
8.839990000233204,89091.03713290898
8.829990000233582,86248.46460120048
8.819990000233961,89216.99163740386
8.80999000023434,92976.43713926988
8.799990000234718,93284.25131837458
8.789990000235097,90327.56342416511
8.779990000235475,87435.78580637835
8.769990000235854,84759.39700419905
8.759990000236233,81804.4604004258
8.749990000236611,78901.18482114021
8.73999000023699,79374.28023797064
8.729990000237368,94304.16328498781
8.719990000237747,93436.80011984643
8.709990000238125,95470.90320731256
8.699990000238504,93231.77139916182
8.689990000238883,90637.69947060024
8.679990000239261,92045.65977548623
8.66999000023964,93936.87668767378
8.659990000240018,95405.04414674666
8.649990000240397,96182.6206019886
8.639990000240775,93019.73063853601
8.629990000241154,94734.5995157597
8.619990000241533,100922.96020755284
8.609990000241911,97804.58485010626
8.59999000024229,94353.77650632456
8.589990000242668,90900.27138804794
8.579990000243047,87448.73315836697
8.569990000243425,83047.36670566838
8.559990000243804,92040.99827018891
8.549990000244183,89293.13399810261
8.539990000244561,86658.30610116388
8.52999000024494,83804.67475357425
8.519990000245318,80930.61030608728
8.509990000245697,77131.62669946367
8.499990000246076,83217.9739078589
8.489990000246454,87127.96879898667
8.479990000246833,86929.32747701647
8.469990000247211,82593.06960888191
8.45999000024759,78375.78304135802
8.449990000247968,78814.78551163143
8.439990000248347,83106.1680406145
8.429990000248726,81470.53987110624
8.419990000249104,79234.04318870127
8.409990000249483,77255.33020993127
8.399990000249861,75412.95696979237
8.38999000025024,73248.59005617292
8.379990000250618,70817.04216209386
8.369990000250997,70890.54374095383
8.359990000251376,77704.69229461973
8.349990000251754,76043.82885687819
8.339990000252133,74433.09091066502
8.329990000252511,71035.33805451954
8.31999000025289,68726.71832450175
8.309990000253269,65304.04286911287
8.299990000253647,68547.02159020255
8.289990000254026,69115.92073878617
8.279990000254404,68907.27176169876
8.269990000254783,66705.23119727249
8.259990000255161,64418.28757367699
8.24999000025554,62272.46178677769
8.239990000255919,61653.73361516205
8.229990000256297,70533.29606747782
8.219990000256676,69527.66738580236
8.209990000257054,67037.3429943472
8.199990000257433,64576.0387936054
8.189990000257811,62157.838884166486
8.17999000025819,59784.48333681534
8.169990000258569,57452.863116939356
8.159990000258947,55576.90374606339
8.149990000259326,59349.230925140895
8.139990000259704,57697.347606570445
8.129990000260083,55440.039469449664
8.119990000260461,53862.62754392467
8.10999000026084,52217.274408842415
8.099990000261219,50006.13495966584
8.089990000261597,47368.705430754955
8.079990000261976,44881.25302106699
8.069990000262354,43616.65439902146
8.059990000262733,46159.12827604903
8.049990000263112,49171.17021776344
8.03999000026349,49047.015156601
8.029990000263869,48935.86130969514
8.019990000264247,48522.3762314354
8.009990000264626,47392.21759566229
7.999990000265004,45747.82429724966
7.989990000265383,44065.20638792676
7.9799900002657616,44268.20536641628
7.96999000026614,43044.79800847217
7.959990000266519,42884.81062119706
7.949990000266897,42371.30012831553
7.939990000267276,41862.29389551533
7.929990000267654,45574.12912459429
7.919990000268033,44662.326352823715
7.909990000268412,43565.91429379058
7.89999000026879,42380.039068561025
7.889990000269169,41028.14733136462
7.879990000269547,39736.85752096127
7.869990000269926,38503.145771978874
7.8599900002703045,37324.311313950915
7.849990000270683,36197.81872626472
7.839990000271062,35121.31059831796
7.82999000027144,34089.190844810175
7.819990000271819,33102.756622872024
7.809990000272197,32159.939014376687
7.799990000272576,31883.10545710568
7.7899900002729545,30999.041206473896
7.779990000273333,29693.654743141546
7.769990000273712,28296.70040396014
7.75999000027409,27014.217657045476
7.749990000274469,26019.055653003288
7.739990000274847,25402.91735227195
7.729990000275226,25160.335389415322
7.719990000275605,25187.11591392152
7.709990000275983,25322.640625969092
7.699990000276362,25386.89628696974
7.68999000027674,25222.542283804258
7.679990000277119,24746.065696802125
7.669990000277497,24181.945584295278
7.659990000277876,23644.11559388749
7.649990000278255,23320.454080957363
7.639990000278633,25070.325904544596
7.629990000279012,26429.82320947128
7.61999000027939,27288.74092407767
7.609990000279769,38323.48801905211
7.5999900002801475,45337.34147721761
7.589990000280526,49891.81957732789
7.579990000280905,49389.01276523688
7.569990000281283,48853.20270833529
7.559990000281662,48031.30435561367
7.54999000028204,46634.284730504005
7.539990000282419,46406.74701699794
7.5299900002827975,52024.93579982701
7.519990000283176,51807.981359404024
7.509990000283555,50403.887900022535
7.499990000283933,49055.56676006988
7.489990000284312,47799.26067334582
7.47999000028469,46905.32047990463
7.469990000285069,47518.59611194576
7.459990000285448,51845.441192119935
7.449990000285826,51067.056819704136
7.439990000286205,50298.86142539891
7.429990000286583,49572.545186740615
7.419990000286962,48790.092079160524
7.4099900002873405,47862.73343708804
7.399990000287719,54912.417287522774
7.389990000288098,58092.14580528132
7.379990000288476,56488.49237618062
7.369990000288855,65528.2441720412
7.359990000289233,65087.98764044164
7.349990000289612,68908.10546794807
7.3399900002899905,70423.60045458816
7.329990000290369,75173.89024251633
7.319990000290748,77012.42339991141
7.309990000291126,76206.00374735659
7.299990000291505,75312.93442521937
7.289990000291883,74228.34935011153
7.279990000292262,72812.26469762313
7.2699900002926405,70947.75918859668
7.259990000293019,68765.70021965832
7.249990000293398,66648.6515504441
7.239990000293776,64606.60794426098
7.229990000294155,62634.98021305527
7.219990000294533,60698.050455395096
7.209990000294912,58779.689606305285
7.199990000295291,57189.95921643727
7.189990000295669,58441.570544374415
7.179990000296048,57566.891856096554
7.169990000296426,56001.94896748171
7.159990000296805,54472.31808246035
7.1499900002971835,52952.670549164446
7.139990000297562,51442.32490495453
7.129990000297941,49917.86121856824
7.119990000298319,48436.693087577485
7.109990000298698,46995.797727544814
7.099990000299076,45601.48467404716
7.089990000299455,44255.488410626065
7.0799900002998335,42960.933245518834
7.069990000300212,41720.038023587134
7.059990000300591,40532.12854096291
7.049990000300969,39391.90453991274
7.039990000301348,38450.87749191655
7.029990000301726,46121.09311652852
7.019990000302105,49861.65994681899
7.0099900003024835,56691.08563014556
6.999990000302862,58959.824900045234
6.989990000303241,56615.94957768362
6.979990000303619,54617.04286183029
6.969990000303998,52781.18631758682
6.959990000304376,57780.21600489036
6.949990000304755,58022.07827567492
6.939990000305134,57486.69875374437
6.929990000305512,57348.46654270275
6.919990000305891,55795.45815000979
6.909990000306269,54350.943571197095
6.899990000306648,53972.21108008717
6.8899900003070265,52386.14350862783
6.879990000307405,58995.047878246354
6.869990000307784,57693.367798528394
6.859990000308162,56374.99842968205
6.849990000308541,54998.67160507393
6.839990000308919,53666.89614782476
6.829990000309298,64849.242809985706
6.8199900003096765,64984.58499783608
6.809990000310055,63475.08948621465
6.799990000310434,62124.320560030974
6.789990000310812,60696.06703642335
6.779990000311191,58856.89169891801
6.769990000311569,56895.277929898584
6.759990000311948,54920.52139768637
6.7499900003123265,52975.8840203032
6.739990000312705,51134.34113103644
6.729990000313084,52308.140156501744
6.719990000313462,51914.624276524875
6.709990000313841,52164.33844343364
6.699990000314219,60160.241241662006
6.689990000314598,62105.597379511666
6.679990000314977,59438.389946397685
6.669990000315355,57007.14271581854
6.659990000315734,55088.7142977125
6.649990000316112,53785.00774863906
6.639990000316491,52963.41831291634
6.6299900003168695,52277.8821512943
6.619990000317248,51353.05039890953
6.609990000317627,49928.32508124781
6.599990000318005,48226.91128421759
6.589990000318384,46524.945268470874
6.579990000318762,44776.72974905294
6.569990000319141,53763.47300563176
6.5599900003195195,53185.53444574287
6.549990000319898,52957.663704652805
6.539990000320277,63828.167159754215
6.529990000320655,63113.306944391356
6.519990000321034,61723.85145233272
6.509990000321412,59898.87386499617
6.499990000321791,57980.31440869644
6.4899900003221695,56077.83533769826
6.479990000322548,54247.419068437805
6.469990000322927,52586.50867106125
6.459990000323305,52000.60440601528
6.449990000323684,53422.114794803376
6.439990000324062,51571.00767241693
6.429990000324441,49803.712061977865
6.41999000032482,48199.74316874353
6.409990000325198,46807.11847774957
6.399990000325577,45632.28495625085
6.389990000325955,44640.03840850181
6.379990000326334,43831.02349565873
6.3699900003267125,44094.72819044201
6.359990000327091,45807.750441963406
6.34999000032747,44424.654124711975
6.339990000327848,42875.90396913407
6.329990000328227,41351.27110404595
6.319990000328605,40057.54647385305
6.309990000328984,40949.394486701334
6.2999900003293625,44541.419056327686
6.289990000329741,45673.463754185934
6.27999000033012,44314.67147917055
6.269990000330498,58678.920515740465
6.259990000330877,57878.18355264857
6.249990000331255,56496.92172209121
6.239990000331634,55105.86387492126
6.229990000332013,53597.14501217808
6.219990000332391,51848.2348389134
6.20999000033277,52079.730523314385
6.199990000333148,51867.83399664299
6.189990000333527,50396.25117463933
6.179990000333905,48702.821279670425
6.169990000334284,47019.35183477806
6.159990000334663,45362.329791501805
6.149990000335041,43775.363886910105
6.13999000033542,42258.68115573582
6.129990000335798,40858.784775411805
6.119990000336177,39758.16830600177
6.1099900003365555,38156.65803090164
6.099990000336934,36525.43259336399
6.089990000337313,35056.209854275985
6.079990000337691,33883.97240409814
6.06999000033807,33037.43670635867
6.059990000338448,32432.0348336294
6.049990000338827,31906.136962082895
6.0399900003392055,31285.75782401509
6.029990000339584,30455.352634342948
6.019990000339963,29554.664139386627
6.009990000340341,28701.995956295847
5.99999000034072,27919.50587345892
5.989990000341098,27083.68942362562
5.979990000341477,27065.48794544552
5.969990000341856,29878.28630228494
5.959990000342234,28969.754993050487
5.949990000342613,28203.5172514786
5.939990000342991,27612.790758308725
5.92999000034337,27168.623124950547
5.9199900003437484,26833.636286121815
5.909990000344127,26528.286327458936
5.899990000344506,26362.25879430551
5.889990000344884,32946.272889263215
5.879990000345263,34226.673449405636
5.869990000345641,33397.172602434795
5.85999000034602,32425.60493696845
5.8499900003463985,31450.182115061387
5.839990000346777,30521.025700746824
5.829990000347156,29636.198029132804
5.819990000347534,28793.83522886358
5.809990000347913,28429.839263184986
5.799990000348291,27330.5767092186
5.78999000034867,26000.191369337485
5.7799900003490485,24750.140106647897
5.769990000349427,23847.771792714193
5.759990000349806,23418.12267346308
5.749990000350184,23402.97970955776
5.739990000350563,23590.113724738014
5.729990000350941,23699.236802329746
5.71999000035132,23491.44925306054
5.709990000351699,22973.6225959877
5.699990000352077,22477.630640031944
5.689990000352456,22006.535100955793
5.679990000352834,21559.23201307577
5.669990000353213,21134.66449890866
5.6599900003535915,20731.8213007983
5.64999000035397,20349.73533581961
5.639990000354349,19987.482264432136
5.629990000354727,19644.17906454631
5.619990000355106,19302.199661266983
5.609990000355484,18966.536311531934
5.599990000355863,18641.42976572849
5.5899900003562415,18327.45576598533
5.57999000035662,18026.317159234222
5.569990000356999,17740.203421799168
5.559990000357377,17470.82719906833
5.549990000357756,17218.770691349568
5.539990000358134,16983.68887511172
5.529990000358513,16770.562139677793
5.5199900003588915,16701.680166853606
5.50999000035927,17725.18378532782
5.499990000359649,25766.451445869632
5.489990000360027,32562.722400969953
5.479990000360406,31911.285138024876
5.469990000360784,31231.999742228796
5.459990000361163,30526.039336284666
5.449990000361542,29820.085927012486
5.43999000036192,29143.474381204163
5.429990000362299,28495.16466865427
5.419990000362677,27874.14821845901
5.409990000363056,27279.44637519072
5.3999900003634345,26710.10833242556
5.389990000363813,26165.207985464305
5.379990000364192,25643.838239798657
5.36999000036457,25145.09804539209
5.359990000364949,25530.58968807169
5.349990000365327,27087.19571252956
5.339990000365706,25304.098911870104
5.3299900003660845,24538.686566365763
5.319990000366463,23853.747355528125
5.309990000366842,23353.637013807685
5.29999000036722,23104.199147619613
5.289990000367599,23092.186441255002
5.279990000367977,23254.721103159744
5.269990000368356,23489.260774079437
5.2599900003687345,23679.288088957048
5.249990000369113,23722.8780811259
5.239990000369492,23565.854604147644
5.22999000036987,23125.052759653972
5.219990000370249,22749.318378807697
5.209990000370627,22412.22913707898
5.199990000371006,22004.879666347646
5.189990000371385,21625.420872282175
5.179990000371763,21251.2213576983
5.169990000372142,20883.168322732792
5.15999000037252,20515.86664267184
5.149990000372899,20145.811989215792
5.1399900003732775,19775.524379530387
5.129990000373656,19970.672479623165
5.119990000374035,26062.079557808323
5.109990000374413,27485.946064159543
5.099990000374792,34326.63730588529
5.08999000037517,35017.34652847103
5.079990000375549,34947.034483776166
5.0699900003759275,34482.554290905464
5.059990000376306,33770.19855375086
5.049990000376685,33007.17344692668
5.039990000377063,32241.37133406127
5.029990000377442,31509.708845153837
5.01999000037782,30811.077316127394
5.009990000378199,30144.374651788326
4.9999900003785775,29508.4907278779
4.989990000378956,28902.296904268005
4.979990000379335,28324.640920840557
4.969990000379713,27774.347699291397
4.959990000380092,27250.225717769605
4.94999000038047,26751.07784651324
4.939990000380849,26275.714991758538
4.929990000381228,25822.97068249953
4.919990000381606,25391.714852566856
4.909990000381985,26121.320161639822
4.899990000382363,25777.392026718546
4.889990000382742,24987.49770861206
4.8799900003831205,24120.307085306777
4.869990000383499,23340.27134526957
4.859990000383878,22785.23938538551
4.849990000384256,22531.38240735526
4.839990000384635,22578.6176460385
4.829990000385013,22857.163677187255
4.819990000385392,23247.1392169595
4.8099900003857705,23602.452587495754
4.799990000386149,23790.07848025569
4.789990000386528,23721.2541819575
4.779990000386906,23429.106498849247
4.769990000387285,23130.200965291882
4.759990000387663,22846.44563727211
4.749990000388042,22577.69563807952
4.7399900003884206,22323.731929028774
4.729990000388799,22084.21908581602
4.719990000389178,21855.672424919852
4.709990000389556,21639.744991779702
4.699990000389935,21442.71929718106
4.689990000390313,21307.90515878343
4.679990000390692,21287.40691697507
4.669990000391071,21747.51366157688
4.659990000391449,24895.619845649573
4.649990000391828,24686.363301294983
4.639990000392206,24489.79216500656
4.629990000392585,24314.589675901556
4.6199900003929635,24162.267222736642
4.609990000393342,24029.979163495642
4.599990000393721,23911.350881814476
4.589990000394099,23798.31509514355
4.579990000394478,23688.07659749166
4.569990000394856,23564.01254038856
4.559990000395235,23433.136311187496
4.5499900003956135,23298.927981841203
4.539990000395992,23067.12463417763
4.529990000396371,22812.737232819672
4.519990000396749,22560.591097502183
4.509990000397128,22305.436991714072
4.499990000397506,22028.347468900974
4.489990000397885,21739.410355114975
4.479990000398264,21433.74346471288
4.469990000398642,21097.502305661397
4.459990000399021,23101.407837964696
4.449990000399399,27811.187525934434
4.439990000399778,28120.33356183467
4.4299900004001564,27889.508084222318
4.419990000400535,29743.80562979179
4.409990000400914,31804.495616069813
4.399990000401292,32592.78814428444
4.389990000401671,32367.481634808068
4.379990000402049,32112.43935635413
4.369990000402428,34925.99878248987
4.3599900004028065,38965.53331087376
4.349990000403185,40110.34969085114
4.339990000403564,39284.390955087605
4.329990000403942,37758.414328305844
4.319990000404321,49006.861346009355
4.309990000404699,55959.41694502085
4.299990000405078,58699.54578372723
4.2899900004054565,56495.46018922427
4.279990000405835,58973.82961341827
4.269990000406214,53973.08753467424
4.259990000406592,52322.678655103235
4.249990000406971,65600.06242385674
4.239990000407349,64434.149027618194
4.229990000407728,62301.33357985154
4.219990000408107,71733.56591927864
4.209990000408485,69524.3373726514
4.199990000408864,69510.2863595724
4.189990000409242,74559.33926420771
4.179990000409621,75291.73370596678
4.1699900004099995,80160.06518610382
4.159990000410378,78164.1542047771
4.149990000410757,80212.95512111238
4.139990000411135,76908.70457435453
4.129990000411514,73987.82463182714
4.119990000411892,71726.67575362815
4.109990000412271,69667.76019636511
4.0999900004126495,63555.37024373559
4.089990000413028,61295.06566063738
4.079990000413407,63372.69172398857
4.069990000413785,69721.70154777638
4.059990000414164,71133.03821402509
4.049990000414542,82394.11281868651
4.039990000414921,81762.54432736592
4.0299900004152995,79673.15705279364
4.019990000415678,76935.26055343424
4.009990000416057,73754.78468601203
3.999990000416435,70505.80540829523
3.9899900004163693,67467.69211811188
3.979990000416304,64501.032995557085
3.9699900004162383,62583.53955633433
3.9599900004161728,68204.90818189704
3.9499900004161073,72848.18825785755
3.9399900004160417,71972.46809477932
3.9299900004159762,71066.87054967775
3.9199900004159107,69954.93199541667
3.909990000415845,67617.667706452
3.8999900004157797,68395.71911870377
3.889990000415714,67906.5276155107
3.8799900004156487,73870.02508519229
3.869990000415583,73391.11280801274
3.8599900004155177,72708.1778866261
3.849990000415452,70937.55628272938
3.8399900004153866,68369.37120279483
3.829990000415321,65654.43434116925
3.8199900004152556,69272.73262915354
3.80999000041519,71250.17511658769
3.7999900004151246,69192.74722059646
3.789990000415059,77967.7596683014
3.7799900004149936,76309.0105564531
3.769990000414928,74351.4211103987
3.7599900004148625,72086.11793441518
3.749990000414797,69942.64386061775
3.7399900004147315,71001.6294677879
3.729990000414666,73980.36305509998
3.7199900004146005,74328.8557353351
3.709990000414535,79011.71646457643
3.6999900004144695,79034.10450837502
3.689990000414404,77374.56613232364
3.6799900004143384,75586.4522474874
3.669990000414273,73442.43333837768
3.6599900004142074,70873.42696829175
3.649990000414142,68221.64438804287
3.6399900004140764,65525.2633182703
3.629990000414011,65070.48241647747
3.6199900004139454,72746.60000837871
3.60999000041388,75854.11906451262
3.5999900004138143,76929.23526320385
3.589990000413749,86798.61076773985
3.5799900004136833,84842.30212256705
3.569990000413618,82147.33763233037
3.5599900004135523,79102.3455152266
3.549990000413487,75654.51029014407
3.5399900004134213,85375.71052893075
3.5299900004133558,83195.69158335481
3.5199900004132902,81071.3461279297
3.5099900004132247,79923.90665295749
3.499990000413159,81844.9654703628
3.4899900004130937,79180.5264755631
3.479990000413028,76374.97203478441
3.4699900004129627,73657.77893201256
3.459990000412897,71032.61033638599
3.4499900004128317,68495.65486703825
3.439990000412766,66011.22865436462
3.4299900004127006,65317.199236602944
3.419990000412635,74549.6908121331
3.4099900004125696,74643.46215789934
3.399990000412504,78000.50054281748
3.3899900004124386,79784.77887322243
3.379990000412373,79035.14272372711
3.3699900004123076,82086.06636922437
3.359990000412242,79731.59291544561
3.3499900004121765,85033.96742633589
3.339990000412111,87325.42060485124
3.3299900004120455,89712.78874313629
3.31999000041198,95025.01255748296
3.3099900004119145,104601.97499243192
3.299990000411849,101465.61504139095
3.2899900004117835,97627.36731740164
3.279990000411718,93829.37509550546
3.2699900004116524,90268.3981682676
3.259990000411587,87025.27983206588
3.2499900004115214,84065.48454769114
3.239990000411456,86279.11447421489
3.2299900004113904,88806.70383886815
3.219990000411325,92673.12456383512
3.2099900004112594,93518.34882357316
3.199990000411194,90810.20634072067
3.1899900004111283,89019.36491775917
3.179990000411063,88425.84889255476
3.1699900004109973,88284.44209518125
3.159990000410932,84565.32321115848
3.1499900004108663,81174.63584379514
3.139990000410801,78676.00883413572
3.1299900004107353,78882.56060644615
3.1199900004106698,76929.46569508927
3.1099900004106042,75004.27403210785
3.0999900004105387,72855.36500997402
3.0899900004104732,70441.41609716874
3.0799900004104077,68154.948604264
3.069990000410342,65953.15517441914
3.0599900004102767,64207.03774868012
3.049990000410211,69141.61370051876
3.0399900004101457,68542.63012582973
3.02999000041008,74751.3855308049
3.0199900004100146,74239.76791135834
3.009990000409949,74018.549103673
2.9999900004098836,72268.62857248278
2.989990000409818,70028.82493722893
2.9799900004097526,67534.74849777717
2.969990000409687,63311.828130235954
2.9599900004096216,60878.006764114085
2.949990000409556,60142.260834638386
2.9399900004094905,59746.07262064605
2.929990000409425,57835.30512358399
2.9199900004093595,58134.06182874822
2.909990000409294,58365.050993158715
2.8999900004092285,56598.458385235324
2.889990000409163,54821.51542637449
2.8799900004090975,53229.318238097934
2.869990000409032,51781.51835838348
2.8599900004089664,50406.95464222994
2.849990000408901,51486.11615408113
2.8399900004088354,49481.84396664917
2.82999000040877,47756.80851927893
2.8199900004087044,46405.05879648858
2.809990000408639,45374.6036747277
2.7999900004085734,49124.98990839662
2.789990000408508,59098.17453732074
2.7799900004084424,72301.98898770558
2.769990000408377,71653.37698667038
2.7599900004083113,69369.52664082008
2.749990000408246,66927.54062222278
2.7399900004081803,64412.864256688445
2.729990000408115,69025.09939319806
2.7199900004080493,75899.88739200776
2.7099900004079838,73524.53679725219
2.6999900004079183,70968.55214680827
2.6899900004078527,68414.35878516434
2.6799900004077872,65927.19431611568
2.6699900004077217,65779.45059978338
2.659990000407656,65413.26082866529
2.6499900004075907,66030.86356548755
2.639990000407525,64274.5956494141
2.6299900004074597,62581.785078489556
2.619990000407394,60967.24149133934
2.6099900004073286,59103.58691653948
2.599990000407263,57130.756221141375
2.5899900004071976,55152.38045934421
2.579990000407132,53242.96725922491
2.5699900004070666,51417.90499714148
2.559990000407001,49554.51498987345
2.5499900004069356,47653.272329020896
2.53999000040687,49437.693118907206
2.5299900004068046,50497.46300365058
2.519990000406739,50772.24007287547
2.5099900004066735,56824.19034680702
2.499990000406608,55748.524989762314
2.4899900004065425,54264.69263762567
2.479990000406477,64533.12309549473
2.4699900004064115,62734.19004674386
2.459990000406346,60820.422682298486
2.4499900004062805,59975.32907234543
2.439990000406215,57373.484303793804
2.4299900004061494,66108.40375265635
2.419990000406084,70814.69281450154
2.4099900004060184,71670.57997985193
2.399990000405953,70965.40507790225
2.3899900004058874,69725.30499574309
2.379990000405822,68336.43854530758
2.3699900004057564,68682.26184957048
2.359990000405691,68265.27334941372
2.3499900004056253,72406.92141267638
2.33999000040556,83574.02992814999
2.3299900004054943,82700.35561497223
2.319990000405429,82090.20161428525
2.3099900004053633,80148.18887776334
2.2999900004052978,78278.12775654267
2.2899900004052323,83439.03679326834
2.2799900004051668,81361.68768514597
2.2699900004051012,78058.32559965704
2.2599900004050357,73995.04033189274
2.24999000040497,76867.70350949839
2.2399900004049047,74961.92023665326
2.229990000404839,73791.50130943842
2.2199900004047737,73298.12835802553
2.209990000404708,80999.57063838161
2.1999900004046427,80434.11782685517
2.189990000404577,78018.58046563377
2.1799900004045116,75086.47161002565
2.169990000404446,72133.98607594639
2.1599900004043806,69289.02631420763
2.149990000404315,66549.45038316907
2.1399900004042496,62953.51704884569
2.129990000404184,60434.25214373015
2.1199900004041186,58032.99483940266
2.109990000404053,55753.03308100759
2.0999900004039875,53591.128850772155
2.089990000403922,51532.73229259517
2.0799900004038565,49544.97910849412
2.069990000403791,47629.00000856347
2.0599900004037255,45779.07760832275
2.04999000040366,44847.75049385214
2.0399900004035945,51188.75763837147
2.029990000403529,56194.54031261629
2.0199900004034634,62378.601124690234
2.009990000403398,61305.86203742257
1.9999900004033324,60158.32278913627
1.989990000403267,58619.61035639837
1.9799900004032014,56705.30603073602
1.9699900004031359,54626.100839597195
1.9599900004030704,52480.50819474076
1.9499900004030049,51654.87109749466
1.9399900004029393,54153.15506840417
1.9299900004028738,52643.46002102411
1.9199900004028083,50942.45581986448
1.9099900004027428,49184.133505730126
1.8999900004026773,47427.99511185617
1.8899900004026118,45899.03092636883
1.8799900004025463,44592.69124175758
1.8699900004024808,42497.91933173695
1.8599900004024152,40360.756357158265
1.8499900004023497,38535.4570669995
1.8399900004022842,37226.422250450676
1.8299900004022187,36458.145172731965
1.8199900004021532,44614.35432832495
1.8099900004020877,46007.28047850221
1.7999900004020222,45453.95502433305
1.7899900004019567,44183.79137415579
1.7799900004018911,40996.22619254844
1.7699900004018256,38624.88570000857
1.7599900004017601,37468.078398349964
1.7499900004016946,37465.38456254852
1.739990000401629,38252.07781458073
1.7299900004015636,44721.43325521433
1.719990000401498,50530.1027868341
1.7099900004014326,49719.147196425925
1.699990000401367,48819.64196227876
1.6899900004013015,47717.509971383246
1.679990000401236,46666.361793452365
1.6699900004011705,45296.94053876284
1.659990000401105,43833.35834917315
1.6499900004010395,42333.79863128615
1.639990000400974,41105.450569924054
1.6299900004009085,44369.90574884922
1.619990000400843,47330.35580170566
1.6099900004007774,47771.97986829282
1.599990000400712,46884.48512038956
1.5899900004006464,46021.63978149773
1.579990000400581,44889.93873178842
1.5699900004005154,43637.16029730436
1.5599900004004499,41650.843206618025
1.5499900004003844,41066.786438099734
1.5399900004003189,46767.81617322032
1.5299900004002533,50818.24580498807
1.5199900004001878,51073.759472677186
1.5099900004001223,53278.345219583105
1.4999900004000568,55091.84331929619
1.4899900003999913,56366.09440514018
1.4799900003999258,57619.18154758401
1.4699900003998603,61678.10466423951
1.4599900003997948,60819.554167611954
1.4499900003997293,58841.56787355441
1.4399900003996637,56753.66976158049
1.4299900003995982,59993.210645941836
1.4199900003995327,67711.96242094175
1.4099900003994672,70288.30675345197
1.3999900003994017,78463.76959362831
1.3899900003993362,75379.34586665855
1.3799900003992707,74196.64717498286
1.3699900003992052,72284.87679880124
1.3599900003991396,71671.85694646747
1.3499900003990741,70377.39306671271
1.3399900003990086,67755.39855441145
1.329990000398943,65123.10950361925
1.3199900003988776,62556.0831525895
1.309990000398812,60238.99774298507
1.2999900003987466,79624.51899223824
1.289990000398681,81229.53678118763
1.2799900003986155,80028.24361690185
1.26999000039855,78623.63247988847
1.2599900003984845,76895.57179200802
1.249990000398419,74553.45327440971
1.2399900003983535,72128.60154115288
1.229990000398288,69760.66825414149
1.2199900003982225,67466.56137065274
1.209990000398157,65220.627486389356
1.1999900003980914,62970.15148111475
1.189990000398026,60253.79124581849
1.1799900003979604,62768.425250025924
1.169990000397895,67508.39825553948
1.1599900003978294,67034.93855172755
1.149990000397764,69300.19171872278
1.1399900003976984,68727.95255273483
1.1299900003976329,67089.08757299183
1.1199900003975674,66270.01924548754
1.1099900003975018,73353.11484163697
1.0999900003974363,71438.87673683238
1.0899900003973708,69204.23679075159
1.0799900003973053,66929.33142786068
1.0699900003972398,64657.834156935685
1.0599900003971743,62426.99170795236
1.0499900003971088,62801.6475589757
1.0399900003970433,69711.20950591599
1.0299900003969777,69570.42652915689
1.0199900003969122,67668.76625424692
1.0099900003968467,65968.39685959194
0.9999900003967813,64130.37463302444
0.9899900003968268,62414.43391382446
0.9799900003968723,58662.31310775269
0.9699900003969179,60242.655681214834
0.9599900003969634,59008.26108333354
0.9499900003970089,65619.51532046469
0.9399900003970544,64148.63523691035
0.9299900003970999,62742.9959969205
0.9199900003971454,61423.860332730575
0.9099900003971909,62513.08833642331
0.8999900003972364,61341.46471519322
0.8899900003972819,59727.00604998423
0.8799900003973274,57852.467751801276
0.869990000397373,57607.61270464341
0.8599900003974185,54867.708283628956
0.849990000397464,58481.71700343538
0.8399900003975095,59920.39815905223
0.829990000397555,58714.570329428985
0.8199900003976005,57544.297327021006
0.809990000397646,56425.69438615303
0.7999900003976915,54377.80444138233
0.789990000397737,60504.01816996234
0.7799900003977825,59221.937035885276
0.7699900003978281,57713.87525316663
0.7599900003978736,56032.039888067964
0.7499900003979191,54313.2791147668
0.7399900003979646,51597.835764404954
0.7299900003980101,49971.69060098542
0.7199900003980556,48404.026687224134
0.7099900003981011,46922.19061387559
0.6999900003981466,45711.619807060204
0.6899900003981921,45080.47801948644
0.6799900003982376,50993.312232978766
0.6699900003982832,49512.98686125478
0.6599900003983287,47766.185362894
0.6499900003983742,46157.573208166534
0.6399900003984197,44751.45346375585
0.6299900003984652,43601.75682524808
0.6199900003985107,42717.60378805051
0.6099900003985562,42019.92852979965
0.5999900003986017,41394.56605711369
0.5899900003986472,40721.29884762766
0.5799900003986928,39912.2586210032
0.5699900003987383,38888.59820663298
0.5599900003987838,37686.18182653481
0.5499900003988293,36532.671376833794
0.5399900003988748,35501.21671373305
0.5299900003989203,36102.67680033583
0.5199900003989658,37249.828527046164
0.5099900003990113,35867.026493376245
0.4999900003990568,34543.056670818296
0.4899900003990468,33397.68169184963
0.4799900003990368,32508.891483251453
0.4699900003990268,31896.643782830346
0.4599900003990168,31514.23297757255
0.4499900003990068,31265.27695328758
0.4399900003989968,31038.916819428785
0.42999000039898677,30753.02987431644
0.41999000039897677,29521.69623187344
0.40999000039896677,31416.372214868745
0.39999000039895677,30386.12996633761
0.38999000039894677,30843.725640059853
0.37999000039893677,34548.443877518956
0.36999000039892677,42268.23627718431
0.35999000039891677,41734.06683837249
0.34999000039890676,40686.99945043677
0.33999000039889676,39547.6702099095
0.32999000039888676,38248.4402392244
0.31999000039887676,38114.57054071418
0.30999000039886676,43655.96093904607
0.29999000039885676,43054.45052593277
0.28999000039884676,42348.66386325972
0.27999000039883676,41215.513813094156
0.26999000039882676,40030.57176674119
0.25999000039881676,38819.53101901146
0.24999000039880676,37641.73610949015
0.23999000039879675,36503.59220656669
0.22999000039878675,36484.46344457132
0.21999000039877675,40797.3376544684
0.20999000039876675,45221.78476670069
0.19999000039875675,49142.33042728439
0.18999000039874675,51922.365013393224
0.17999000039873675,53864.68917293327
0.16999000039872675,53305.01541774047
0.15999000039871675,58035.56777631954
0.14999000039870675,59324.33247113301
0.13999000039869675,58104.16180405388
0.12999000039868674,54861.51556120426
0.1199900003986837,54304.97474277454
0.10999000039868757,53496.77032525913
0.09999000039869145,54437.16861689582
0.08999000039869533,59412.91439605968
0.0799900003986992,60865.894168897496
0.06999000039870308,59471.87526975084
0.059990000398705216,57802.259678003706
0.049990000398702154,55823.27755369021
0.03999000039869909,53836.58366052637
0.029990000398696467,51854.23912901473
0.019990000398696875,55414.18972116893
0.009990000398697282,55052.11552909408
-9.99960130247945E-6,54928.840183076085
